Sample,Low-quality,Human,Archaea,Bacteria,Eukaryota,Viruses,Unclassified,Remaining
SRR7892438,39.80861586125852,0.021674307898242363,0.00398607961346986,17.58258471851676,0.12222316614801958,8.827708933477064,8.42221252829805,25.210994404789872
SRR7892471,38.946479843644724,0.047294791785160196,0.0009389690151000071,27.387378747929457,0.1009699549925983,1.8966250528939719,6.401405867509624,25.21890677222936
SRR7892476,36.230168520567936,0.018225124276493986,0.006233843954418132,10.114406747877604,0.6629262251429273,18.46464579298651,12.400909756036743,22.102483989157367
SRR7892478,39.01789560679302,0.019699859361818627,0.0,4.969649212462153,0.011842050290531423,37.8084708841889,0.7622074799148589,17.41023490698872
